UserID,FirstName,LastName,Email,UserRoleID,UserCreatedAt,IsActive,UpdatedAt,DepartmentID
,Aiden,Allen,aiden.allen@biology.edu,3,2023-01-15T09:00:00,1,,1
,Aiden,Baker,aiden.baker@chemistry.edu,1,2023-01-15T09:00:00,1,,2
,Aiden,Clark,aiden.clark@engineering.edu,3,2023-01-15T09:00:00,1,,3
,Aiden,Diaz,aiden.diaz@chemistry.edu,1,2023-01-15T09:00:00,1,,4
,Aiden,Evans,aiden.evans@physics.edu,2,2023-01-15T09:00:00,1,,5
,Aiden,Fisher,aiden.fisher@computerscience.edu,1,2023-01-15T09:00:00,1,,6
,Aiden,Garcia,aiden.garcia@mathematics.edu,3,2023-01-15T09:00:00,1,,7
,Aiden,Hayes,aiden.hayes@medicine.edu,1,2023-01-15T09:00:00,1,,8
,Aiden,Ivanov,aiden.ivanov@pharmacy.edu,3,2023-01-15T09:00:00,1,,9
,Aiden,Johnson,aiden.johnson@labvendors.com,4,2023-01-15T09:00:00,1,,10
,Bella,Allen,bella.allen@biology.edu,3,2023-01-15T09:00:00,1,,1
,Bella,Baker,bella.baker@chemistry.edu,1,2023-01-15T09:00:00,1,,2
,Bella,Clark,bella.clark@engineering.edu,3,2023-01-15T09:00:00,1,,3
,Bella,Diaz,bella.diaz@chemistry.edu,1,2023-01-15T09:00:00,1,,4
,Bella,Evans,bella.evans@physics.edu,2,2023-01-15T09:00:00,1,,5
,Bella,Fisher,bella.fisher@computerscience.edu,1,2023-01-15T09:00:00,1,,6
,Bella,Garcia,bella.garcia@mathematics.edu,3,2023-01-15T09:00:00,1,,7
,Bella,Hayes,bella.hayes@medicine.edu,1,2023-01-15T09:00:00,1,,8
,Bella,Ivanov,bella.ivanov@pharmacy.edu,3,2023-01-15T09:00:00,1,,9
,Bella,Johnson,bella.johnson@labvendors.com,4,2023-01-15T09:00:00,1,,10
,Carter,Allen,carter.allen@biology.edu,3,2023-01-15T09:00:00,1,,1
,Carter,Baker,carter.baker@chemistry.edu,1,2023-01-15T09:00:00,1,,2
,Carter,Clark,carter.clark@engineering.edu,3,2023-01-15T09:00:00,1,,3
,Carter,Diaz,carter.diaz@chemistry.edu,1,2023-01-15T09:00:00,1,,4
,Carter,Evans,carter.evans@physics.edu,2,2023-01-15T09:00:00,1,,5
,Carter,Fisher,carter.fisher@computerscience.edu,1,2023-01-15T09:00:00,1,,6
,Carter,Garcia,carter.garcia@mathematics.edu,3,2023-01-15T09:00:00,1,,7
,Carter,Hayes,carter.hayes@medicine.edu,1,2023-01-15T09:00:00,1,,8
,Carter,Ivanov,carter.ivanov@pharmacy.edu,3,2023-01-15T09:00:00,1,,9
,Carter,Johnson,carter.johnson@labvendors.com,4,2023-01-15T09:00:00,1,,10
,Delia,Allen,delia.allen@biology.edu,3,2023-01-15T09:00:00,1,,1
,Delia,Baker,delia.baker@chemistry.edu,1,2023-01-15T09:00:00,1,,2
,Delia,Clark,delia.clark@engineering.edu,3,2023-01-15T09:00:00,1,,3
,Delia,Diaz,delia.diaz@chemistry.edu,1,2023-01-15T09:00:00,1,,4
,Delia,Evans,delia.evans@physics.edu,2,2023-01-15T09:00:00,1,,5
,Delia,Fisher,delia.fisher@computerscience.edu,1,2023-01-15T09:00:00,1,,6
,Delia,Garcia,delia.garcia@mathematics.edu,3,2023-01-15T09:00:00,1,,7
,Delia,Hayes,delia.hayes@medicine.edu,1,2023-01-15T09:00:00,1,,8
,Delia,Ivanov,delia.ivanov@pharmacy.edu,3,2023-01-15T09:00:00,1,,9
,Delia,Johnson,delia.johnson@labvendors.com,4,2023-01-15T09:00:00,1,,10
,Elias,Allen,elias.allen@biology.edu,3,2023-01-15T09:00:00,1,,1
,Elias,Baker,elias.baker@chemistry.edu,1,2023-01-15T09:00:00,1,,2
,Elias,Clark,elias.clark@engineering.edu,3,2023-01-15T09:00:00,1,,3
,Elias,Diaz,elias.diaz@chemistry.edu,1,2023-01-15T09:00:00,1,,4
,Elias,Evans,elias.evans@physics.edu,2,2023-01-15T09:00:00,1,,5
,Elias,Fisher,elias.fisher@computerscience.edu,1,2023-01-15T09:00:00,1,,6
,Elias,Garcia,elias.garcia@mathematics.edu,3,2023-01-15T09:00:00,1,,7
,Elias,Hayes,elias.hayes@medicine.edu,1,2023-01-15T09:00:00,1,,8
,Elias,Ivanov,elias.ivanov@pharmacy.edu,3,2023-01-15T09:00:00,1,,9
,Elias,Johnson,elias.johnson@labvendors.com,4,2023-01-15T09:00:00,1,,10
,Freya,Allen,freya.allen@biology.edu,3,2023-01-15T09:00:00,1,,1
,Freya,Baker,freya.baker@chemistry.edu,1,2023-01-15T09:00:00,1,,2
,Freya,Clark,freya.clark@engineering.edu,3,2023-01-15T09:00:00,1,,3
,Freya,Diaz,freya.diaz@chemistry.edu,1,2023-01-15T09:00:00,1,,4
,Freya,Evans,freya.evans@physics.edu,2,2023-01-15T09:00:00,1,,5
,Freya,Fisher,freya.fisher@computerscience.edu,1,2023-01-15T09:00:00,1,,6
,Freya,Garcia,freya.garcia@mathematics.edu,3,2023-01-15T09:00:00,1,,7
,Freya,Hayes,freya.hayes@medicine.edu,1,2023-01-15T09:00:00,1,,8
,Freya,Ivanov,freya.ivanov@pharmacy.edu,3,2023-01-15T09:00:00,1,,9
,Freya,Johnson,freya.johnson@labvendors.com,4,2023-01-15T09:00:00,1,,10
,Gavin,Allen,gavin.allen@biology.edu,3,2023-01-15T09:00:00,1,,1
,Gavin,Baker,gavin.baker@chemistry.edu,1,2023-01-15T09:00:00,1,,2
,Gavin,Clark,gavin.clark@engineering.edu,3,2023-01-15T09:00:00,1,,3
,Gavin,Diaz,gavin.diaz@chemistry.edu,1,2023-01-15T09:00:00,1,,4
,Gavin,Evans,gavin.evans@physics.edu,2,2023-01-15T09:00:00,1,,5
,Gavin,Fisher,gavin.fisher@computerscience.edu,1,2023-01-15T09:00:00,1,,6
,Gavin,Garcia,gavin.garcia@mathematics.edu,3,2023-01-15T09:00:00,1,,7
,Gavin,Hayes,gavin.hayes@medicine.edu,1,2023-01-15T09:00:00,1,,8
,Gavin,Ivanov,gavin.ivanov@pharmacy.edu,3,2023-01-15T09:00:00,1,,9
,Gavin,Johnson,gavin.johnson@labvendors.com,4,2023-01-15T09:00:00,1,,10
,Hana,Allen,hana.allen@biology.edu,3,2023-01-15T09:00:00,1,,1
,Hana,Baker,hana.baker@chemistry.edu,1,2023-01-15T09:00:00,1,,2
,Hana,Clark,hana.clark@engineering.edu,3,2023-01-15T09:00:00,1,,3
,Hana,Diaz,hana.diaz@chemistry.edu,1,2023-01-15T09:00:00,1,,4
,Hana,Evans,hana.evans@physics.edu,2,2023-01-15T09:00:00,1,,5
,Hana,Fisher,hana.fisher@computerscience.edu,1,2023-01-15T09:00:00,1,,6
,Hana,Garcia,hana.garcia@mathematics.edu,3,2023-01-15T09:00:00,1,,7
,Hana,Hayes,hana.hayes@medicine.edu,1,2023-01-15T09:00:00,1,,8
,Hana,Ivanov,hana.ivanov@pharmacy.edu,3,2023-01-15T09:00:00,1,,9
,Hana,Johnson,hana.johnson@labvendors.com,4,2023-01-15T09:00:00,1,,10
,Isaac,Allen,isaac.allen@biology.edu,3,2023-01-15T09:00:00,1,,1
,Isaac,Baker,isaac.baker@chemistry.edu,1,2023-01-15T09:00:00,1,,2
,Isaac,Clark,isaac.clark@engineering.edu,3,2023-01-15T09:00:00,1,,3
,Isaac,Diaz,isaac.diaz@chemistry.edu,1,2023-01-15T09:00:00,1,,4
,Isaac,Evans,isaac.evans@physics.edu,2,2023-01-15T09:00:00,1,,5
,Isaac,Fisher,isaac.fisher@computerscience.edu,1,2023-01-15T09:00:00,1,,6
,Isaac,Garcia,isaac.garcia@mathematics.edu,3,2023-01-15T09:00:00,1,,7
,Isaac,Hayes,isaac.hayes@medicine.edu,1,2023-01-15T09:00:00,1,,8
,Isaac,Ivanov,isaac.ivanov@pharmacy.edu,3,2023-01-15T09:00:00,1,,9
,Isaac,Johnson,isaac.johnson@labvendors.com,4,2023-01-15T09:00:00,1,,10
,Jenna,Allen,jenna.allen@biology.edu,3,2023-01-15T09:00:00,1,,1
,Jenna,Baker,jenna.baker@chemistry.edu,1,2023-01-15T09:00:00,1,,2
,Jenna,Clark,jenna.clark@engineering.edu,3,2023-01-15T09:00:00,1,,3
,Jenna,Diaz,jenna.diaz@chemistry.edu,1,2023-01-15T09:00:00,1,,4
,Jenna,Evans,jenna.evans@physics.edu,2,2023-01-15T09:00:00,1,,5
,Jenna,Fisher,jenna.fisher@computerscience.edu,1,2023-01-15T09:00:00,1,,6
,Jenna,Garcia,jenna.garcia@mathematics.edu,3,2023-01-15T09:00:00,1,,7
,Jenna,Hayes,jenna.hayes@medicine.edu,1,2023-01-15T09:00:00,1,,8
,Jenna,Ivanov,jenna.ivanov@pharmacy.edu,3,2023-01-15T09:00:00,1,,9
,Jenna,Johnson,jenna.johnson@labvendors.com,4,2023-01-15T09:00:00,1,,10
,Kieran,Allen,kieran.allen@biology.edu,3,2023-01-15T09:00:00,1,,1
,Kieran,Baker,kieran.baker@chemistry.edu,1,2023-01-15T09:00:00,1,,2
,Kieran,Clark,kieran.clark@engineering.edu,3,2023-01-15T09:00:00,1,,3
,Kieran,Diaz,kieran.diaz@chemistry.edu,1,2023-01-15T09:00:00,1,,4
,Kieran,Evans,kieran.evans@physics.edu,2,2023-01-15T09:00:00,1,,5
,Kieran,Fisher,kieran.fisher@computerscience.edu,1,2023-01-15T09:00:00,1,,6
,Kieran,Garcia,kieran.garcia@mathematics.edu,3,2023-01-15T09:00:00,1,,7
,Kieran,Hayes,kieran.hayes@medicine.edu,1,2023-01-15T09:00:00,1,,8
,Kieran,Ivanov,kieran.ivanov@pharmacy.edu,3,2023-01-15T09:00:00,1,,9
,Kieran,Johnson,kieran.johnson@labvendors.com,4,2023-01-15T09:00:00,1,,10
,Lila,Allen,lila.allen@biology.edu,3,2023-01-15T09:00:00,1,,1
,Lila,Baker,lila.baker@chemistry.edu,1,2023-01-15T09:00:00,1,,2
,Lila,Clark,lila.clark@engineering.edu,3,2023-01-15T09:00:00,1,,3
,Lila,Diaz,lila.diaz@chemistry.edu,1,2023-01-15T09:00:00,1,,4
,Lila,Evans,lila.evans@physics.edu,2,2023-01-15T09:00:00,1,,5
,Lila,Fisher,lila.fisher@computerscience.edu,1,2023-01-15T09:00:00,1,,6
,Lila,Garcia,lila.garcia@mathematics.edu,3,2023-01-15T09:00:00,1,,7
,Lila,Hayes,lila.hayes@medicine.edu,1,2023-01-15T09:00:00,1,,8
,Lila,Ivanov,lila.ivanov@pharmacy.edu,3,2023-01-15T09:00:00,1,,9
,Lila,Johnson,lila.johnson@labvendors.com,4,2023-01-15T09:00:00,1,,10
,Miles,Allen,miles.allen@biology.edu,3,2023-01-15T09:00:00,1,,1
,Miles,Baker,miles.baker@chemistry.edu,1,2023-01-15T09:00:00,1,,2
,Miles,Clark,miles.clark@engineering.edu,3,2023-01-15T09:00:00,1,,3
,Miles,Diaz,miles.diaz@chemistry.edu,1,2023-01-15T09:00:00,1,,4
,Miles,Evans,miles.evans@physics.edu,2,2023-01-15T09:00:00,1,,5
,Miles,Fisher,miles.fisher@computerscience.edu,1,2023-01-15T09:00:00,1,,6
,Miles,Garcia,miles.garcia@mathematics.edu,3,2023-01-15T09:00:00,1,,7
,Miles,Hayes,miles.hayes@medicine.edu,1,2023-01-15T09:00:00,1,,8
,Miles,Ivanov,miles.ivanov@pharmacy.edu,3,2023-01-15T09:00:00,1,,9
,Miles,Johnson,miles.johnson@labvendors.com,4,2023-01-15T09:00:00,1,,10
,Nora,Allen,nora.allen@biology.edu,3,2023-01-15T09:00:00,1,,1
,Nora,Baker,nora.baker@chemistry.edu,1,2023-01-15T09:00:00,1,,2
,Nora,Clark,nora.clark@engineering.edu,3,2023-01-15T09:00:00,1,,3
,Nora,Diaz,nora.diaz@chemistry.edu,1,2023-01-15T09:00:00,1,,4
,Nora,Evans,nora.evans@physics.edu,2,2023-01-15T09:00:00,1,,5
,Nora,Fisher,nora.fisher@computerscience.edu,1,2023-01-15T09:00:00,1,,6
,Nora,Garcia,nora.garcia@mathematics.edu,3,2023-01-15T09:00:00,1,,7
,Nora,Hayes,nora.hayes@medicine.edu,1,2023-01-15T09:00:00,1,,8
,Nora,Ivanov,nora.ivanov@pharmacy.edu,3,2023-01-15T09:00:00,1,,9
,Nora,Johnson,nora.johnson@labvendors.com,4,2023-01-15T09:00:00,1,,10
,Omar,Allen,omar.allen@biology.edu,3,2023-01-15T09:00:00,1,,1
,Omar,Baker,omar.baker@chemistry.edu,1,2023-01-15T09:00:00,1,,2
,Omar,Clark,omar.clark@engineering.edu,3,2023-01-15T09:00:00,1,,3
,Omar,Diaz,omar.diaz@chemistry.edu,1,2023-01-15T09:00:00,1,,4
,Omar,Evans,omar.evans@physics.edu,2,2023-01-15T09:00:00,1,,5
,Omar,Fisher,omar.fisher@computerscience.edu,1,2023-01-15T09:00:00,1,,6
,Omar,Garcia,omar.garcia@mathematics.edu,3,2023-01-15T09:00:00,1,,7
,Omar,Hayes,omar.hayes@medicine.edu,1,2023-01-15T09:00:00,1,,8
,Omar,Ivanov,omar.ivanov@pharmacy.edu,3,2023-01-15T09:00:00,1,,9
,Omar,Johnson,omar.johnson@labvendors.com,4,2023-01-15T09:00:00,1,,10
,Priya,Allen,priya.allen@biology.edu,3,2023-01-15T09:00:00,1,,1
,Priya,Baker,priya.baker@chemistry.edu,1,2023-01-15T09:00:00,1,,2
,Priya,Clark,priya.clark@engineering.edu,3,2023-01-15T09:00:00,1,,3
,Priya,Diaz,priya.diaz@chemistry.edu,1,2023-01-15T09:00:00,1,,4
,Priya,Evans,priya.evans@physics.edu,2,2023-01-15T09:00:00,1,,5
,Priya,Fisher,priya.fisher@computerscience.edu,1,2023-01-15T09:00:00,1,,6
,Priya,Garcia,priya.garcia@mathematics.edu,3,2023-01-15T09:00:00,1,,7
,Priya,Hayes,priya.hayes@medicine.edu,1,2023-01-15T09:00:00,1,,8
,Priya,Ivanov,priya.ivanov@pharmacy.edu,3,2023-01-15T09:00:00,1,,9
,Priya,Johnson,priya.johnson@labvendors.com,4,2023-01-15T09:00:00,1,,10
,Quentin,Allen,quentin.allen@biology.edu,3,2023-01-15T09:00:00,1,,1
,Quentin,Baker,quentin.baker@chemistry.edu,1,2023-01-15T09:00:00,1,,2
,Quentin,Clark,quentin.clark@engineering.edu,3,2023-01-15T09:00:00,1,,3
,Quentin,Diaz,quentin.diaz@chemistry.edu,1,2023-01-15T09:00:00,1,,4
,Quentin,Evans,quentin.evans@physics.edu,2,2023-01-15T09:00:00,1,,5
,Quentin,Fisher,quentin.fisher@computerscience.edu,1,2023-01-15T09:00:00,1,,6
,Quentin,Garcia,quentin.garcia@mathematics.edu,3,2023-01-15T09:00:00,1,,7
,Quentin,Hayes,quentin.hayes@medicine.edu,1,2023-01-15T09:00:00,1,,8
,Quentin,Ivanov,quentin.ivanov@pharmacy.edu,3,2023-01-15T09:00:00,1,,9
,Quentin,Johnson,quentin.johnson@labvendors.com,4,2023-01-15T09:00:00,1,,10
,Rosa,Allen,rosa.allen@biology.edu,3,2023-01-15T09:00:00,1,,1
,Rosa,Baker,rosa.baker@chemistry.edu,1,2023-01-15T09:00:00,1,,2
,Rosa,Clark,rosa.clark@engineering.edu,3,2023-01-15T09:00:00,1,,3
,Rosa,Diaz,rosa.diaz@chemistry.edu,1,2023-01-15T09:00:00,1,,4
,Rosa,Evans,rosa.evans@physics.edu,2,2023-01-15T09:00:00,1,,5
,Rosa,Fisher,rosa.fisher@computerscience.edu,1,2023-01-15T09:00:00,1,,6
,Rosa,Garcia,rosa.garcia@mathematics.edu,3,2023-01-15T09:00:00,1,,7
,Rosa,Hayes,rosa.hayes@medicine.edu,1,2023-01-15T09:00:00,1,,8
,Rosa,Ivanov,rosa.ivanov@pharmacy.edu,3,2023-01-15T09:00:00,1,,9
,Rosa,Johnson,rosa.johnson@labvendors.com,4,2023-01-15T09:00:00,1,,10
,Stefan,Allen,stefan.allen@biology.edu,3,2023-01-15T09:00:00,1,,1
,Stefan,Baker,stefan.baker@chemistry.edu,1,2023-01-15T09:00:00,1,,2
,Stefan,Clark,stefan.clark@engineering.edu,3,2023-01-15T09:00:00,1,,3
,Stefan,Diaz,stefan.diaz@chemistry.edu,1,2023-01-15T09:00:00,1,,4
,Stefan,Evans,stefan.evans@physics.edu,2,2023-01-15T09:00:00,1,,5
,Stefan,Fisher,stefan.fisher@computerscience.edu,1,2023-01-15T09:00:00,1,,6
,Stefan,Garcia,stefan.garcia@mathematics.edu,3,2023-01-15T09:00:00,1,,7
,Stefan,Hayes,stefan.hayes@medicine.edu,1,2023-01-15T09:00:00,1,,8
,Stefan,Ivanov,stefan.ivanov@pharmacy.edu,3,2023-01-15T09:00:00,1,,9
,Stefan,Johnson,stefan.johnson@labvendors.com,4,2023-01-15T09:00:00,1,,10
,Talia,Allen,talia.allen@biology.edu,3,2023-01-15T09:00:00,1,,1
,Talia,Baker,talia.baker@chemistry.edu,1,2023-01-15T09:00:00,1,,2
,Talia,Clark,talia.clark@engineering.edu,3,2023-01-15T09:00:00,1,,3
,Talia,Diaz,talia.diaz@chemistry.edu,1,2023-01-15T09:00:00,1,,4
,Talia,Evans,talia.evans@physics.edu,2,2023-01-15T09:00:00,1,,5
,Talia,Fisher,talia.fisher@computerscience.edu,1,2023-01-15T09:00:00,1,,6
,Talia,Garcia,talia.garcia@mathematics.edu,3,2023-01-15T09:00:00,1,,7
,Talia,Hayes,talia.hayes@medicine.edu,1,2023-01-15T09:00:00,1,,8
,Talia,Ivanov,talia.ivanov@pharmacy.edu,3,2023-01-15T09:00:00,1,,9
,Talia,Johnson,talia.johnson@labvendors.com,4,2023-01-15T09:00:00,1,,10
,Umar,Allen,umar.allen@biology.edu,3,2023-01-15T09:00:00,1,,1
,Umar,Baker,umar.baker@chemistry.edu,1,2023-01-15T09:00:00,1,,2
,Umar,Clark,umar.clark@engineering.edu,3,2023-01-15T09:00:00,1,,3
,Umar,Diaz,umar.diaz@chemistry.edu,1,2023-01-15T09:00:00,1,,4
,Umar,Evans,umar.evans@physics.edu,2,2023-01-15T09:00:00,1,,5
,Umar,Fisher,umar.fisher@computerscience.edu,1,2023-01-15T09:00:00,1,,6
,Umar,Garcia,umar.garcia@mathematics.edu,3,2023-01-15T09:00:00,1,,7
,Umar,Hayes,umar.hayes@medicine.edu,1,2023-01-15T09:00:00,1,,8
,Umar,Ivanov,umar.ivanov@pharmacy.edu,3,2023-01-15T09:00:00,1,,9
,Umar,Johnson,umar.johnson@labvendors.com,4,2023-01-15T09:00:00,1,,10
,Vera,Allen,vera.allen@biology.edu,3,2023-01-15T09:00:00,1,,1
,Vera,Baker,vera.baker@chemistry.edu,1,2023-01-15T09:00:00,1,,2
,Vera,Clark,vera.clark@engineering.edu,3,2023-01-15T09:00:00,1,,3
,Vera,Diaz,vera.diaz@chemistry.edu,1,2023-01-15T09:00:00,1,,4
,Vera,Evans,vera.evans@physics.edu,2,2023-01-15T09:00:00,1,,5
,Vera,Fisher,vera.fisher@computerscience.edu,1,2023-01-15T09:00:00,1,,6
,Vera,Garcia,vera.garcia@mathematics.edu,3,2023-01-15T09:00:00,1,,7
,Vera,Hayes,vera.hayes@medicine.edu,1,2023-01-15T09:00:00,1,,8
,Vera,Ivanov,vera.ivanov@pharmacy.edu,3,2023-01-15T09:00:00,1,,9
,Vera,Johnson,vera.johnson@labvendors.com,4,2023-01-15T09:00:00,1,,10
,Wyatt,Allen,wyatt.allen@biology.edu,3,2023-01-15T09:00:00,1,,1
,Wyatt,Baker,wyatt.baker@chemistry.edu,1,2023-01-15T09:00:00,1,,2
,Wyatt,Clark,wyatt.clark@engineering.edu,3,2023-01-15T09:00:00,1,,3
,Wyatt,Diaz,wyatt.diaz@chemistry.edu,1,2023-01-15T09:00:00,1,,4
,Wyatt,Evans,wyatt.evans@physics.edu,2,2023-01-15T09:00:00,1,,5
,Wyatt,Fisher,wyatt.fisher@computerscience.edu,1,2023-01-15T09:00:00,1,,6
,Wyatt,Garcia,wyatt.garcia@mathematics.edu,3,2023-01-15T09:00:00,1,,7
,Wyatt,Hayes,wyatt.hayes@medicine.edu,1,2023-01-15T09:00:00,1,,8
,Wyatt,Ivanov,wyatt.ivanov@pharmacy.edu,3,2023-01-15T09:00:00,1,,9
,Wyatt,Johnson,wyatt.johnson@labvendors.com,4,2023-01-15T09:00:00,1,,10
,Ximena,Allen,ximena.allen@biology.edu,3,2023-01-15T09:00:00,1,,1
,Ximena,Baker,ximena.baker@chemistry.edu,1,2023-01-15T09:00:00,1,,2
,Ximena,Clark,ximena.clark@engineering.edu,3,2023-01-15T09:00:00,1,,3
,Ximena,Diaz,ximena.diaz@chemistry.edu,1,2023-01-15T09:00:00,1,,4
,Ximena,Evans,ximena.evans@physics.edu,2,2023-01-15T09:00:00,1,,5
,Ximena,Fisher,ximena.fisher@computerscience.edu,1,2023-01-15T09:00:00,1,,6
,Ximena,Garcia,ximena.garcia@mathematics.edu,3,2023-01-15T09:00:00,1,,7
,Ximena,Hayes,ximena.hayes@medicine.edu,1,2023-01-15T09:00:00,1,,8
,Ximena,Ivanov,ximena.ivanov@pharmacy.edu,3,2023-01-15T09:00:00,1,,9
,Ximena,Johnson,ximena.johnson@labvendors.com,4,2023-01-15T09:00:00,1,,10
,Yusuf,Allen,yusuf.allen@biology.edu,3,2023-01-15T09:00:00,1,,1
,Yusuf,Baker,yusuf.baker@chemistry.edu,1,2023-01-15T09:00:00,1,,2
,Yusuf,Clark,yusuf.clark@engineering.edu,3,2023-01-15T09:00:00,1,,3
,Yusuf,Diaz,yusuf.diaz@chemistry.edu,1,2023-01-15T09:00:00,1,,4
,Yusuf,Evans,yusuf.evans@physics.edu,2,2023-01-15T09:00:00,1,,5
,Yusuf,Fisher,yusuf.fisher@computerscience.edu,1,2023-01-15T09:00:00,1,,6
,Yusuf,Garcia,yusuf.garcia@mathematics.edu,3,2023-01-15T09:00:00,1,,7
,Yusuf,Hayes,yusuf.hayes@medicine.edu,1,2023-01-15T09:00:00,1,,8
,Yusuf,Ivanov,yusuf.ivanov@pharmacy.edu,3,2023-01-15T09:00:00,1,,9
,Yusuf,Johnson,yusuf.johnson@labvendors.com,4,2023-01-15T09:00:00,1,,10
,Zara,Allen,zara.allen@biology.edu,3,2023-01-15T09:00:00,1,,1
,Zara,Baker,zara.baker@chemistry.edu,1,2023-01-15T09:00:00,1,,2
,Zara,Clark,zara.clark@engineering.edu,3,2023-01-15T09:00:00,1,,3
,Zara,Diaz,zara.diaz@chemistry.edu,1,2023-01-15T09:00:00,1,,4
,Zara,Evans,zara.evans@physics.edu,2,2023-01-15T09:00:00,1,,5
,Zara,Fisher,zara.fisher@computerscience.edu,1,2023-01-15T09:00:00,1,,6
,Zara,Garcia,zara.garcia@mathematics.edu,3,2023-01-15T09:00:00,1,,7
,Zara,Hayes,zara.hayes@medicine.edu,1,2023-01-15T09:00:00,1,,8
,Zara,Ivanov,zara.ivanov@pharmacy.edu,3,2023-01-15T09:00:00,1,,9
,Zara,Johnson,zara.johnson@labvendors.com,4,2023-01-15T09:00:00,1,,10
,Adrian,Allen,adrian.allen@biology.edu,3,2023-01-15T09:00:00,1,,1
,Adrian,Baker,adrian.baker@chemistry.edu,1,2023-01-15T09:00:00,1,,2
,Adrian,Clark,adrian.clark@engineering.edu,3,2023-01-15T09:00:00,1,,3
,Adrian,Diaz,adrian.diaz@chemistry.edu,1,2023-01-15T09:00:00,1,,4
,Adrian,Evans,adrian.evans@physics.edu,2,2023-01-15T09:00:00,1,,5
,Adrian,Fisher,adrian.fisher@computerscience.edu,1,2023-01-15T09:00:00,1,,6
,Adrian,Garcia,adrian.garcia@mathematics.edu,3,2023-01-15T09:00:00,1,,7
,Adrian,Hayes,adrian.hayes@medicine.edu,1,2023-01-15T09:00:00,1,,8
,Adrian,Ivanov,adrian.ivanov@pharmacy.edu,3,2023-01-15T09:00:00,1,,9
,Adrian,Johnson,adrian.johnson@labvendors.com,4,2023-01-15T09:00:00,1,,10
,Bianca,Allen,bianca.allen@biology.edu,3,2023-01-15T09:00:00,1,,1
,Bianca,Baker,bianca.baker@chemistry.edu,1,2023-01-15T09:00:00,1,,2
,Bianca,Clark,bianca.clark@engineering.edu,3,2023-01-15T09:00:00,1,,3
,Bianca,Diaz,bianca.diaz@chemistry.edu,1,2023-01-15T09:00:00,1,,4
,Bianca,Evans,bianca.evans@physics.edu,2,2023-01-15T09:00:00,1,,5
,Bianca,Fisher,bianca.fisher@computerscience.edu,1,2023-01-15T09:00:00,1,,6
,Bianca,Garcia,bianca.garcia@mathematics.edu,3,2023-01-15T09:00:00,1,,7
,Bianca,Hayes,bianca.hayes@medicine.edu,1,2023-01-15T09:00:00,1,,8
,Bianca,Ivanov,bianca.ivanov@pharmacy.edu,3,2023-01-15T09:00:00,1,,9
,Bianca,Johnson,bianca.johnson@labvendors.com,4,2023-01-15T09:00:00,1,,10
,Colin,Allen,colin.allen@biology.edu,3,2023-01-15T09:00:00,1,,1
,Colin,Baker,colin.baker@chemistry.edu,1,2023-01-15T09:00:00,1,,2
,Colin,Clark,colin.clark@engineering.edu,3,2023-01-15T09:00:00,1,,3
,Colin,Diaz,colin.diaz@chemistry.edu,1,2023-01-15T09:00:00,1,,4
,Colin,Evans,colin.evans@physics.edu,2,2023-01-15T09:00:00,1,,5
,Colin,Fisher,colin.fisher@computerscience.edu,1,2023-01-15T09:00:00,1,,6
,Colin,Garcia,colin.garcia@mathematics.edu,3,2023-01-15T09:00:00,1,,7
,Colin,Hayes,colin.hayes@medicine.edu,1,2023-01-15T09:00:00,1,,8
,Colin,Ivanov,colin.ivanov@pharmacy.edu,3,2023-01-15T09:00:00,1,,9
,Colin,Johnson,colin.johnson@labvendors.com,4,2023-01-15T09:00:00,1,,10
,Daria,Allen,daria.allen@biology.edu,3,2023-01-15T09:00:00,1,,1
,Daria,Baker,daria.baker@chemistry.edu,1,2023-01-15T09:00:00,1,,2
,Daria,Clark,daria.clark@engineering.edu,3,2023-01-15T09:00:00,1,,3
,Daria,Diaz,daria.diaz@chemistry.edu,1,2023-01-15T09:00:00,1,,4
,Daria,Evans,daria.evans@physics.edu,2,2023-01-15T09:00:00,1,,5
,Daria,Fisher,daria.fisher@computerscience.edu,1,2023-01-15T09:00:00,1,,6
,Daria,Garcia,daria.garcia@mathematics.edu,3,2023-01-15T09:00:00,1,,7
,Daria,Hayes,daria.hayes@medicine.edu,1,2023-01-15T09:00:00,1,,8
,Daria,Ivanov,daria.ivanov@pharmacy.edu,3,2023-01-15T09:00:00,1,,9
,Daria,Johnson,daria.johnson@labvendors.com,4,2023-01-15T09:00:00,1,,10
,Ethan,Allen,ethan.allen@biology.edu,3,2023-01-15T09:00:00,1,,1
,Ethan,Baker,ethan.baker@chemistry.edu,1,2023-01-15T09:00:00,1,,2
,Ethan,Clark,ethan.clark@engineering.edu,3,2023-01-15T09:00:00,1,,3
,Ethan,Diaz,ethan.diaz@chemistry.edu,1,2023-01-15T09:00:00,1,,4
,Ethan,Evans,ethan.evans@physics.edu,2,2023-01-15T09:00:00,1,,5
,Ethan,Fisher,ethan.fisher@computerscience.edu,1,2023-01-15T09:00:00,1,,6
,Ethan,Garcia,ethan.garcia@mathematics.edu,3,2023-01-15T09:00:00,1,,7
,Ethan,Hayes,ethan.hayes@medicine.edu,1,2023-01-15T09:00:00,1,,8
,Ethan,Ivanov,ethan.ivanov@pharmacy.edu,3,2023-01-15T09:00:00,1,,9
,Ethan,Johnson,ethan.johnson@labvendors.com,4,2023-01-15T09:00:00,1,,10
,Farah,Allen,farah.allen@biology.edu,3,2023-01-15T09:00:00,1,,1
,Farah,Baker,farah.baker@chemistry.edu,1,2023-01-15T09:00:00,1,,2
,Farah,Clark,farah.clark@engineering.edu,3,2023-01-15T09:00:00,1,,3
,Farah,Diaz,farah.diaz@chemistry.edu,1,2023-01-15T09:00:00,1,,4
,Farah,Evans,farah.evans@physics.edu,2,2023-01-15T09:00:00,1,,5
,Farah,Fisher,farah.fisher@computerscience.edu,1,2023-01-15T09:00:00,1,,6
,Farah,Garcia,farah.garcia@mathematics.edu,3,2023-01-15T09:00:00,1,,7
,Farah,Hayes,farah.hayes@medicine.edu,1,2023-01-15T09:00:00,1,,8
,Farah,Ivanov,farah.ivanov@pharmacy.edu,3,2023-01-15T09:00:00,1,,9
,Farah,Johnson,farah.johnson@labvendors.com,4,2023-01-15T09:00:00,1,,10
,Gianni,Allen,gianni.allen@biology.edu,3,2023-01-15T09:00:00,1,,1
,Gianni,Baker,gianni.baker@chemistry.edu,1,2023-01-15T09:00:00,1,,2
,Gianni,Clark,gianni.clark@engineering.edu,3,2023-01-15T09:00:00,1,,3
,Gianni,Diaz,gianni.diaz@chemistry.edu,1,2023-01-15T09:00:00,1,,4
,Gianni,Evans,gianni.evans@physics.edu,2,2023-01-15T09:00:00,1,,5
,Gianni,Fisher,gianni.fisher@computerscience.edu,1,2023-01-15T09:00:00,1,,6
,Gianni,Garcia,gianni.garcia@mathematics.edu,3,2023-01-15T09:00:00,1,,7
,Gianni,Hayes,gianni.hayes@medicine.edu,1,2023-01-15T09:00:00,1,,8
,Gianni,Ivanov,gianni.ivanov@pharmacy.edu,3,2023-01-15T09:00:00,1,,9
,Gianni,Johnson,gianni.johnson@labvendors.com,4,2023-01-15T09:00:00,1,,10
,Hazel,Allen,hazel.allen@biology.edu,3,2023-01-15T09:00:00,1,,1
,Hazel,Baker,hazel.baker@chemistry.edu,1,2023-01-15T09:00:00,1,,2
,Hazel,Clark,hazel.clark@engineering.edu,3,2023-01-15T09:00:00,1,,3
,Hazel,Diaz,hazel.diaz@chemistry.edu,1,2023-01-15T09:00:00,1,,4
